{
  "lang":"en",
  "name":"pipeline",
  "version":"0.0.0",
  "spacy_version":">=3.2.1,<3.3.0",
  "description":"",
  "author":"",
  "email":"",
  "url":"",
  "license":"",
  "spacy_git_version":"800737b41",
  "vectors":{
    "width":0,
    "vectors":0,
    "keys":0,
    "name":null,
    "mode":"default"
  },
  "labels":{
    "textcat":[
      "LanguageTechnology",
      "datasets",
      "dataengineering"
    ]
  },
  "pipeline":[
    "textcat"
  ],
  "components":[
    "textcat"
  ],
  "disabled":[

  ],
  "performance":{
    "cats_score":0.8277844415,
    "cats_score_desc":"macro F",
    "cats_micro_p":0.9009009009,
    "cats_micro_r":0.8,
    "cats_micro_f":0.8474576271,
    "cats_macro_p":0.9165151515,
    "cats_macro_r":0.7648344584,
    "cats_macro_f":0.8277844415,
    "cats_macro_auc":0.9403406191,
    "cats_f_per_type":{
      "LanguageTechnology":{
        "p":0.92,
        "r":0.6764705882,
        "f":0.7796610169
      },
      "datasets":{
        "p":0.9545454545,
        "r":0.7,
        "f":0.8076923077
      },
      "dataengineering":{
        "p":0.875,
        "r":0.9180327869,
        "f":0.896
      }
    },
    "cats_macro_auc_per_type":0.0,
    "textcat_loss":0.418865522
  }
}